-- Migration 002: dados iniciais de demonstração
-- Execute após a migration 001.

INSERT INTO `liderancas` (`id`, `nome`, `bairro`, `telefone`, `eleitores`, `convertidos`, `meta`, `engajamento`, `ativo`) VALUES ('lid-1', 'Maria Silva', 'Maiobão', '(98) 91012345', 35, 7, 80, 0, 1);
INSERT INTO `liderancas` (`id`, `nome`, `bairro`, `telefone`, `eleitores`, `convertidos`, `meta`, `engajamento`, `ativo`) VALUES ('lid-2', 'João Souza', 'Tambaú', '(98) 91024690', 40, 9, 80, 0, 1);
INSERT INTO `liderancas` (`id`, `nome`, `bairro`, `telefone`, `eleitores`, `convertidos`, `meta`, `engajamento`, `ativo`) VALUES ('lid-3', 'Ana Lima', 'Vinhais', '(98) 91037035', 45, 11, 80, 0, 1);
INSERT INTO `liderancas` (`id`, `nome`, `bairro`, `telefone`, `eleitores`, `convertidos`, `meta`, `engajamento`, `ativo`) VALUES ('lid-4', 'Carlos Pereira', 'Calhau', '(98) 91049380', 50, 13, 80, 0, 1);
INSERT INTO `liderancas` (`id`, `nome`, `bairro`, `telefone`, `eleitores`, `convertidos`, `meta`, `engajamento`, `ativo`) VALUES ('lid-5', 'Beatriz Rocha', 'Cohab', '(98) 91061725', 55, 15, 80, 0, 1);
INSERT INTO `liderancas` (`id`, `nome`, `bairro`, `telefone`, `eleitores`, `convertidos`, `meta`, `engajamento`, `ativo`) VALUES ('lid-6', 'Pedro Alves', 'Anil', '(98) 91074070', 60, 17, 80, 0, 1);
INSERT INTO `liderancas` (`id`, `nome`, `bairro`, `telefone`, `eleitores`, `convertidos`, `meta`, `engajamento`, `ativo`) VALUES ('lid-7', 'Luísa Costa', 'Turú', '(98) 91086415', 65, 19, 80, 0, 1);
INSERT INTO `liderancas` (`id`, `nome`, `bairro`, `telefone`, `eleitores`, `convertidos`, `meta`, `engajamento`, `ativo`) VALUES ('lid-8', 'Felipe Dias', 'Centro', '(98) 91098760', 70, 21, 80, 0, 1);
INSERT INTO `cabos` (`id`, `nome`, `lideranca_id`, `regiao`, `eleitores`, `visitas`, `meta`, `performance`) VALUES ('cabo-1', 'Carlos Pereira', 'lid-1', 'Tambaú', 13, 3, 50, 0);
INSERT INTO `cabos` (`id`, `nome`, `lideranca_id`, `regiao`, `eleitores`, `visitas`, `meta`, `performance`) VALUES ('cabo-2', 'Beatriz Rocha', 'lid-2', 'Vinhais', 16, 4, 50, 0);
INSERT INTO `cabos` (`id`, `nome`, `lideranca_id`, `regiao`, `eleitores`, `visitas`, `meta`, `performance`) VALUES ('cabo-3', 'Pedro Alves', 'lid-3', 'Calhau', 19, 5, 50, 0);
INSERT INTO `cabos` (`id`, `nome`, `lideranca_id`, `regiao`, `eleitores`, `visitas`, `meta`, `performance`) VALUES ('cabo-4', 'Luísa Costa', 'lid-4', 'Cohab', 22, 6, 50, 0);
INSERT INTO `cabos` (`id`, `nome`, `lideranca_id`, `regiao`, `eleitores`, `visitas`, `meta`, `performance`) VALUES ('cabo-5', 'Felipe Dias', 'lid-5', 'Anil', 25, 7, 50, 0);
INSERT INTO `cabos` (`id`, `nome`, `lideranca_id`, `regiao`, `eleitores`, `visitas`, `meta`, `performance`) VALUES ('cabo-6', 'Juliana Martins', 'lid-6', 'Turú', 28, 8, 50, 0);
INSERT INTO `cabos` (`id`, `nome`, `lideranca_id`, `regiao`, `eleitores`, `visitas`, `meta`, `performance`) VALUES ('cabo-7', 'Rafael Oliveira', 'lid-7', 'Centro', 31, 9, 50, 0);
INSERT INTO `cabos` (`id`, `nome`, `lideranca_id`, `regiao`, `eleitores`, `visitas`, `meta`, `performance`) VALUES ('cabo-8', 'Camila Santos', 'lid-8', 'Maiobão', 34, 10, 50, 0);
INSERT INTO `cabos` (`id`, `nome`, `lideranca_id`, `regiao`, `eleitores`, `visitas`, `meta`, `performance`) VALUES ('cabo-9', 'Bruno Carvalho', 'lid-1', 'Tambaú', 37, 11, 50, 0);
INSERT INTO `cabos` (`id`, `nome`, `lideranca_id`, `regiao`, `eleitores`, `visitas`, `meta`, `performance`) VALUES ('cabo-10', 'Larissa Ferreira', 'lid-2', 'Vinhais', 40, 12, 50, 0);
INSERT INTO `funcionarios` (`id`, `nome`, `papel`, `email`, `telefone`, `bairro`, `ativo`, `entrou_em`) VALUES ('func-1', 'Pedro Alves', 'Cab furado', 'funcionario1@votogeral.com', '(98) 92001234', 'Maiobão', 1, '2025-01-01T03:00:00.000Z');
INSERT INTO `funcionarios` (`id`, `nome`, `papel`, `email`, `telefone`, `bairro`, `ativo`, `entrou_em`) VALUES ('func-2', 'Luísa Costa', 'Liderança', 'funcionario2@votogeral.com', '(98) 92002468', 'Tambaú', 1, '2025-02-02T03:00:00.000Z');
INSERT INTO `funcionarios` (`id`, `nome`, `papel`, `email`, `telefone`, `bairro`, `ativo`, `entrou_em`) VALUES ('func-3', 'Felipe Dias', 'Voluntário', 'funcionario3@votogeral.com', '(98) 92003702', 'Vinhais', 1, '2025-03-03T03:00:00.000Z');
INSERT INTO `funcionarios` (`id`, `nome`, `papel`, `email`, `telefone`, `bairro`, `ativo`, `entrou_em`) VALUES ('func-4', 'Juliana Martins', 'Assessor', 'funcionario4@votogeral.com', '(98) 92004936', 'Calhau', 1, '2025-04-04T03:00:00.000Z');
INSERT INTO `funcionarios` (`id`, `nome`, `papel`, `email`, `telefone`, `bairro`, `ativo`, `entrou_em`) VALUES ('func-5', 'Rafael Oliveira', 'Analista de Dados', 'funcionario5@votogeral.com', '(98) 92006170', 'Cohab', 0, '2025-05-05T03:00:00.000Z');
INSERT INTO `funcionarios` (`id`, `nome`, `papel`, `email`, `telefone`, `bairro`, `ativo`, `entrou_em`) VALUES ('func-6', 'Camila Santos', 'Social Media', 'funcionario6@votogeral.com', '(98) 92007404', 'Anil', 1, '2025-06-06T03:00:00.000Z');
INSERT INTO `funcionarios` (`id`, `nome`, `papel`, `email`, `telefone`, `bairro`, `ativo`, `entrou_em`) VALUES ('func-7', 'Bruno Carvalho', 'Financeiro', 'funcionario7@votogeral.com', '(98) 92008638', 'Turú', 1, '2025-07-07T03:00:00.000Z');
INSERT INTO `funcionarios` (`id`, `nome`, `papel`, `email`, `telefone`, `bairro`, `ativo`, `entrou_em`) VALUES ('func-8', 'Larissa Ferreira', 'Coordenador', 'funcionario8@votogeral.com', '(98) 92009872', 'Centro', 1, '2025-08-08T03:00:00.000Z');
INSERT INTO `funcionarios` (`id`, `nome`, `papel`, `email`, `telefone`, `bairro`, `ativo`, `entrou_em`) VALUES ('func-9', 'Gustavo Ribeiro', 'Cab furado', 'funcionario9@votogeral.com', '(98) 92011106', 'Maiobão', 1, '2025-09-09T03:00:00.000Z');
INSERT INTO `funcionarios` (`id`, `nome`, `papel`, `email`, `telefone`, `bairro`, `ativo`, `entrou_em`) VALUES ('func-10', 'Patrícia Gomes', 'Liderança', 'funcionario10@votogeral.com', '(98) 92012340', 'Tambaú', 0, '2025-10-10T03:00:00.000Z');
INSERT INTO `funcionarios` (`id`, `nome`, `papel`, `email`, `telefone`, `bairro`, `ativo`, `entrou_em`) VALUES ('func-11', 'Lucas Barbosa', 'Voluntário', 'funcionario11@votogeral.com', '(98) 92013574', 'Vinhais', 1, '2025-11-11T03:00:00.000Z');
INSERT INTO `funcionarios` (`id`, `nome`, `papel`, `email`, `telefone`, `bairro`, `ativo`, `entrou_em`) VALUES ('func-12', 'Fernanda Araújo', 'Assessor', 'funcionario12@votogeral.com', '(98) 92014808', 'Calhau', 1, '2025-12-12T03:00:00.000Z');
INSERT INTO `eleitores` (`id`, `nome`, `cpf`, `idade`, `sexo`, `cidade`, `regiao`, `bairro`, `tipo_via`, `numero`, `endereco`, `zona`, `secao`, `telefone`, `email`, `escolaridade`, `apoio`, `lideranca_id`, `cabo_id`, `cadastrado_em`, `ultima_interacao`) VALUES ('elt-1', 'Felipe Dias', '000.000.0001', 19, 'Feminino', 'São Luís', 'Maiobão', 'Tambaú', 'Rua', '101', 'Rua Exemplo', 2, 2, '(98) 93000321', 'eleitor1@email.com', 'Médio', 'provavel', 'lid-1', 'cabo-1', '2026-01-01T03:00:00.000Z', '2026-07-15T01:41:26.094Z');
INSERT INTO `eleitores` (`id`, `nome`, `cpf`, `idade`, `sexo`, `cidade`, `regiao`, `bairro`, `tipo_via`, `numero`, `endereco`, `zona`, `secao`, `telefone`, `email`, `escolaridade`, `apoio`, `lideranca_id`, `cabo_id`, `cadastrado_em`, `ultima_interacao`) VALUES ('elt-2', 'Juliana Martins', '000.000.0002', 20, 'Masculino', 'São Luís', 'Tambaú', 'Vinhais', 'Rua', '102', 'Rua Exemplo', 3, 3, '(98) 93000642', 'eleitor2@email.com', 'Superior', 'indeciso', 'lid-2', 'cabo-2', '2026-02-02T03:00:00.000Z', '2026-07-15T01:41:26.094Z');
INSERT INTO `eleitores` (`id`, `nome`, `cpf`, `idade`, `sexo`, `cidade`, `regiao`, `bairro`, `tipo_via`, `numero`, `endereco`, `zona`, `secao`, `telefone`, `email`, `escolaridade`, `apoio`, `lideranca_id`, `cabo_id`, `cadastrado_em`, `ultima_interacao`) VALUES ('elt-3', 'Rafael Oliveira', '000.000.0003', 21, 'Feminino', 'São Luís', 'Vinhais', 'Calhau', 'Rua', '103', 'Rua Exemplo', 4, 4, '(98) 93000963', 'eleitor3@email.com', 'Fundamental', 'adversario', 'lid-3', 'cabo-3', '2026-03-03T03:00:00.000Z', '2026-07-15T01:41:26.094Z');
INSERT INTO `eleitores` (`id`, `nome`, `cpf`, `idade`, `sexo`, `cidade`, `regiao`, `bairro`, `tipo_via`, `numero`, `endereco`, `zona`, `secao`, `telefone`, `email`, `escolaridade`, `apoio`, `lideranca_id`, `cabo_id`, `cadastrado_em`, `ultima_interacao`) VALUES ('elt-4', 'Camila Santos', '000.000.0004', 22, 'Masculino', 'São Luís', 'Calhau', 'Cohab', 'Rua', '104', 'Rua Exemplo', 5, 5, '(98) 93001284', 'eleitor4@email.com', 'Médio', 'ferrenho', 'lid-4', 'cabo-4', '2026-04-04T03:00:00.000Z', '2026-07-15T01:41:26.094Z');
INSERT INTO `eleitores` (`id`, `nome`, `cpf`, `idade`, `sexo`, `cidade`, `regiao`, `bairro`, `tipo_via`, `numero`, `endereco`, `zona`, `secao`, `telefone`, `email`, `escolaridade`, `apoio`, `lideranca_id`, `cabo_id`, `cadastrado_em`, `ultima_interacao`) VALUES ('elt-5', 'Bruno Carvalho', '000.000.0005', 23, 'Feminino', 'São Luís', 'Cohab', 'Anil', 'Rua', '105', 'Rua Exemplo', 6, 6, '(98) 93001605', 'eleitor5@email.com', 'Superior', 'provavel', 'lid-5', 'cabo-5', '2026-05-05T03:00:00.000Z', '2026-07-15T01:41:26.094Z');
INSERT INTO `eleitores` (`id`, `nome`, `cpf`, `idade`, `sexo`, `cidade`, `regiao`, `bairro`, `tipo_via`, `numero`, `endereco`, `zona`, `secao`, `telefone`, `email`, `escolaridade`, `apoio`, `lideranca_id`, `cabo_id`, `cadastrado_em`, `ultima_interacao`) VALUES ('elt-6', 'Larissa Ferreira', '000.000.0006', 24, 'Masculino', 'São Luís', 'Anil', 'Turú', 'Rua', '106', 'Rua Exemplo', 7, 7, '(98) 93001926', 'eleitor6@email.com', 'Fundamental', 'indeciso', 'lid-6', 'cabo-6', '2026-06-06T03:00:00.000Z', '2026-07-15T01:41:26.094Z');
INSERT INTO `eleitores` (`id`, `nome`, `cpf`, `idade`, `sexo`, `cidade`, `regiao`, `bairro`, `tipo_via`, `numero`, `endereco`, `zona`, `secao`, `telefone`, `email`, `escolaridade`, `apoio`, `lideranca_id`, `cabo_id`, `cadastrado_em`, `ultima_interacao`) VALUES ('elt-7', 'Gustavo Ribeiro', '000.000.0007', 25, 'Feminino', 'São Luís', 'Turú', 'Centro', 'Rua', '107', 'Rua Exemplo', 8, 8, '(98) 93002247', 'eleitor7@email.com', 'Médio', 'adversario', 'lid-7', 'cabo-7', '2026-01-07T03:00:00.000Z', '2026-07-15T01:41:26.094Z');
INSERT INTO `eleitores` (`id`, `nome`, `cpf`, `idade`, `sexo`, `cidade`, `regiao`, `bairro`, `tipo_via`, `numero`, `endereco`, `zona`, `secao`, `telefone`, `email`, `escolaridade`, `apoio`, `lideranca_id`, `cabo_id`, `cadastrado_em`, `ultima_interacao`) VALUES ('elt-8', 'Patrícia Gomes', '000.000.0008', 26, 'Masculino', 'São Luís', 'Centro', 'Maiobão', 'Rua', '108', 'Rua Exemplo', 9, 9, '(98) 93002568', 'eleitor8@email.com', 'Superior', 'ferrenho', 'lid-8', 'cabo-8', '2026-02-08T03:00:00.000Z', '2026-07-15T01:41:26.094Z');
INSERT INTO `eleitores` (`id`, `nome`, `cpf`, `idade`, `sexo`, `cidade`, `regiao`, `bairro`, `tipo_via`, `numero`, `endereco`, `zona`, `secao`, `telefone`, `email`, `escolaridade`, `apoio`, `lideranca_id`, `cabo_id`, `cadastrado_em`, `ultima_interacao`) VALUES ('elt-9', 'Lucas Barbosa', '000.000.0009', 27, 'Feminino', 'São Luís', 'Maiobão', 'Tambaú', 'Rua', '109', 'Rua Exemplo', 10, 10, '(98) 93002889', 'eleitor9@email.com', 'Fundamental', 'provavel', 'lid-1', 'cabo-9', '2026-03-09T03:00:00.000Z', '2026-07-15T01:41:26.094Z');
INSERT INTO `eleitores` (`id`, `nome`, `cpf`, `idade`, `sexo`, `cidade`, `regiao`, `bairro`, `tipo_via`, `numero`, `endereco`, `zona`, `secao`, `telefone`, `email`, `escolaridade`, `apoio`, `lideranca_id`, `cabo_id`, `cadastrado_em`, `ultima_interacao`) VALUES ('elt-10', 'Fernanda Araújo', '000.000.0010', 28, 'Masculino', 'São Luís', 'Tambaú', 'Vinhais', 'Rua', '110', 'Rua Exemplo', 11, 11, '(98) 93003210', 'eleitor10@email.com', 'Médio', 'indeciso', 'lid-2', 'cabo-10', '2026-04-10T03:00:00.000Z', '2026-07-15T01:41:26.094Z');
INSERT INTO `eleitores` (`id`, `nome`, `cpf`, `idade`, `sexo`, `cidade`, `regiao`, `bairro`, `tipo_via`, `numero`, `endereco`, `zona`, `secao`, `telefone`, `email`, `escolaridade`, `apoio`, `lideranca_id`, `cabo_id`, `cadastrado_em`, `ultima_interacao`) VALUES ('elt-11', 'Thiago Nunes', '000.000.0011', 29, 'Feminino', 'São Luís', 'Vinhais', 'Calhau', 'Rua', '111', 'Rua Exemplo', 12, 12, '(98) 93003531', 'eleitor11@email.com', 'Superior', 'adversario', 'lid-1', 'cabo-1', '2026-05-11T03:00:00.000Z', '2026-07-15T01:41:26.094Z');
INSERT INTO `eleitores` (`id`, `nome`, `cpf`, `idade`, `sexo`, `cidade`, `regiao`, `bairro`, `tipo_via`, `numero`, `endereco`, `zona`, `secao`, `telefone`, `email`, `escolaridade`, `apoio`, `lideranca_id`, `cabo_id`, `cadastrado_em`, `ultima_interacao`) VALUES ('elt-12', 'Maria Silva', '000.000.0012', 30, 'Masculino', 'São Luís', 'Calhau', 'Cohab', 'Rua', '112', 'Rua Exemplo', 1, 13, '(98) 93003852', 'eleitor12@email.com', 'Fundamental', 'ferrenho', 'lid-2', 'cabo-2', '2026-06-12T03:00:00.000Z', '2026-07-15T01:41:26.094Z');
INSERT INTO `eleitores` (`id`, `nome`, `cpf`, `idade`, `sexo`, `cidade`, `regiao`, `bairro`, `tipo_via`, `numero`, `endereco`, `zona`, `secao`, `telefone`, `email`, `escolaridade`, `apoio`, `lideranca_id`, `cabo_id`, `cadastrado_em`, `ultima_interacao`) VALUES ('elt-13', 'João Souza', '000.000.0013', 31, 'Feminino', 'São Luís', 'Cohab', 'Anil', 'Rua', '113', 'Rua Exemplo', 2, 14, '(98) 93004173', 'eleitor13@email.com', 'Médio', 'provavel', 'lid-3', 'cabo-3', '2026-01-13T03:00:00.000Z', '2026-07-15T01:41:26.095Z');
INSERT INTO `eleitores` (`id`, `nome`, `cpf`, `idade`, `sexo`, `cidade`, `regiao`, `bairro`, `tipo_via`, `numero`, `endereco`, `zona`, `secao`, `telefone`, `email`, `escolaridade`, `apoio`, `lideranca_id`, `cabo_id`, `cadastrado_em`, `ultima_interacao`) VALUES ('elt-14', 'Ana Lima', '000.000.0014', 32, 'Masculino', 'São Luís', 'Anil', 'Turú', 'Rua', '114', 'Rua Exemplo', 3, 15, '(98) 93004494', 'eleitor14@email.com', 'Superior', 'indeciso', 'lid-4', 'cabo-4', '2026-02-14T03:00:00.000Z', '2026-07-15T01:41:26.095Z');
INSERT INTO `eleitores` (`id`, `nome`, `cpf`, `idade`, `sexo`, `cidade`, `regiao`, `bairro`, `tipo_via`, `numero`, `endereco`, `zona`, `secao`, `telefone`, `email`, `escolaridade`, `apoio`, `lideranca_id`, `cabo_id`, `cadastrado_em`, `ultima_interacao`) VALUES ('elt-15', 'Carlos Pereira', '000.000.0015', 33, 'Feminino', 'São Luís', 'Turú', 'Centro', 'Rua', '115', 'Rua Exemplo', 4, 16, '(98) 93004815', 'eleitor15@email.com', 'Fundamental', 'adversario', 'lid-5', 'cabo-5', '2026-03-15T03:00:00.000Z', '2026-07-15T01:41:26.095Z');
INSERT INTO `eleitores` (`id`, `nome`, `cpf`, `idade`, `sexo`, `cidade`, `regiao`, `bairro`, `tipo_via`, `numero`, `endereco`, `zona`, `secao`, `telefone`, `email`, `escolaridade`, `apoio`, `lideranca_id`, `cabo_id`, `cadastrado_em`, `ultima_interacao`) VALUES ('elt-16', 'Beatriz Rocha', '000.000.0016', 34, 'Masculino', 'São Luís', 'Centro', 'Maiobão', 'Rua', '116', 'Rua Exemplo', 5, 17, '(98) 93005136', 'eleitor16@email.com', 'Médio', 'ferrenho', 'lid-6', 'cabo-6', '2026-04-16T03:00:00.000Z', '2026-07-15T01:41:26.095Z');
INSERT INTO `eleitores` (`id`, `nome`, `cpf`, `idade`, `sexo`, `cidade`, `regiao`, `bairro`, `tipo_via`, `numero`, `endereco`, `zona`, `secao`, `telefone`, `email`, `escolaridade`, `apoio`, `lideranca_id`, `cabo_id`, `cadastrado_em`, `ultima_interacao`) VALUES ('elt-17', 'Pedro Alves', '000.000.0017', 35, 'Feminino', 'São Luís', 'Maiobão', 'Tambaú', 'Rua', '117', 'Rua Exemplo', 6, 18, '(98) 93005457', 'eleitor17@email.com', 'Superior', 'provavel', 'lid-7', 'cabo-7', '2026-05-17T03:00:00.000Z', '2026-07-15T01:41:26.095Z');
INSERT INTO `eleitores` (`id`, `nome`, `cpf`, `idade`, `sexo`, `cidade`, `regiao`, `bairro`, `tipo_via`, `numero`, `endereco`, `zona`, `secao`, `telefone`, `email`, `escolaridade`, `apoio`, `lideranca_id`, `cabo_id`, `cadastrado_em`, `ultima_interacao`) VALUES ('elt-18', 'Luísa Costa', '000.000.0018', 36, 'Masculino', 'São Luís', 'Tambaú', 'Vinhais', 'Rua', '118', 'Rua Exemplo', 7, 19, '(98) 93005778', 'eleitor18@email.com', 'Fundamental', 'indeciso', 'lid-8', 'cabo-8', '2026-06-18T03:00:00.000Z', '2026-07-15T01:41:26.095Z');
INSERT INTO `eleitores` (`id`, `nome`, `cpf`, `idade`, `sexo`, `cidade`, `regiao`, `bairro`, `tipo_via`, `numero`, `endereco`, `zona`, `secao`, `telefone`, `email`, `escolaridade`, `apoio`, `lideranca_id`, `cabo_id`, `cadastrado_em`, `ultima_interacao`) VALUES ('elt-19', 'Felipe Dias', '000.000.0019', 37, 'Feminino', 'São Luís', 'Vinhais', 'Calhau', 'Rua', '119', 'Rua Exemplo', 8, 20, '(98) 93006099', 'eleitor19@email.com', 'Médio', 'adversario', 'lid-1', 'cabo-9', '2026-01-19T03:00:00.000Z', '2026-07-15T01:41:26.095Z');
INSERT INTO `eleitores` (`id`, `nome`, `cpf`, `idade`, `sexo`, `cidade`, `regiao`, `bairro`, `tipo_via`, `numero`, `endereco`, `zona`, `secao`, `telefone`, `email`, `escolaridade`, `apoio`, `lideranca_id`, `cabo_id`, `cadastrado_em`, `ultima_interacao`) VALUES ('elt-20', 'Juliana Martins', '000.000.0020', 38, 'Masculino', 'São Luís', 'Calhau', 'Cohab', 'Rua', '120', 'Rua Exemplo', 9, 21, '(98) 93006420', 'eleitor20@email.com', 'Superior', 'ferrenho', 'lid-2', 'cabo-10', '2026-02-20T03:00:00.000Z', '2026-07-15T01:41:26.095Z');
INSERT INTO `eleitores` (`id`, `nome`, `cpf`, `idade`, `sexo`, `cidade`, `regiao`, `bairro`, `tipo_via`, `numero`, `endereco`, `zona`, `secao`, `telefone`, `email`, `escolaridade`, `apoio`, `lideranca_id`, `cabo_id`, `cadastrado_em`, `ultima_interacao`) VALUES ('elt-21', 'Rafael Oliveira', '000.000.0021', 39, 'Feminino', 'São Luís', 'Cohab', 'Anil', 'Rua', '121', 'Rua Exemplo', 10, 22, '(98) 93006741', 'eleitor21@email.com', 'Fundamental', 'provavel', 'lid-1', 'cabo-1', '2026-03-21T03:00:00.000Z', '2026-07-15T01:41:26.095Z');
INSERT INTO `eleitores` (`id`, `nome`, `cpf`, `idade`, `sexo`, `cidade`, `regiao`, `bairro`, `tipo_via`, `numero`, `endereco`, `zona`, `secao`, `telefone`, `email`, `escolaridade`, `apoio`, `lideranca_id`, `cabo_id`, `cadastrado_em`, `ultima_interacao`) VALUES ('elt-22', 'Camila Santos', '000.000.0022', 40, 'Masculino', 'São Luís', 'Anil', 'Turú', 'Rua', '122', 'Rua Exemplo', 11, 23, '(98) 93007062', 'eleitor22@email.com', 'Médio', 'indeciso', 'lid-2', 'cabo-2', '2026-04-22T03:00:00.000Z', '2026-07-15T01:41:26.095Z');
INSERT INTO `eleitores` (`id`, `nome`, `cpf`, `idade`, `sexo`, `cidade`, `regiao`, `bairro`, `tipo_via`, `numero`, `endereco`, `zona`, `secao`, `telefone`, `email`, `escolaridade`, `apoio`, `lideranca_id`, `cabo_id`, `cadastrado_em`, `ultima_interacao`) VALUES ('elt-23', 'Bruno Carvalho', '000.000.0023', 41, 'Feminino', 'São Luís', 'Turú', 'Centro', 'Rua', '123', 'Rua Exemplo', 12, 24, '(98) 93007383', 'eleitor23@email.com', 'Superior', 'adversario', 'lid-3', 'cabo-3', '2026-05-23T03:00:00.000Z', '2026-07-15T01:41:26.095Z');
INSERT INTO `eleitores` (`id`, `nome`, `cpf`, `idade`, `sexo`, `cidade`, `regiao`, `bairro`, `tipo_via`, `numero`, `endereco`, `zona`, `secao`, `telefone`, `email`, `escolaridade`, `apoio`, `lideranca_id`, `cabo_id`, `cadastrado_em`, `ultima_interacao`) VALUES ('elt-24', 'Larissa Ferreira', '000.000.0024', 42, 'Masculino', 'São Luís', 'Centro', 'Maiobão', 'Rua', '124', 'Rua Exemplo', 1, 25, '(98) 93007704', 'eleitor24@email.com', 'Fundamental', 'ferrenho', 'lid-4', 'cabo-4', '2026-06-24T03:00:00.000Z', '2026-07-15T01:41:26.095Z');
INSERT INTO `eleitores` (`id`, `nome`, `cpf`, `idade`, `sexo`, `cidade`, `regiao`, `bairro`, `tipo_via`, `numero`, `endereco`, `zona`, `secao`, `telefone`, `email`, `escolaridade`, `apoio`, `lideranca_id`, `cabo_id`, `cadastrado_em`, `ultima_interacao`) VALUES ('elt-25', 'Gustavo Ribeiro', '000.000.0025', 43, 'Feminino', 'São Luís', 'Maiobão', 'Tambaú', 'Rua', '125', 'Rua Exemplo', 2, 26, '(98) 93008025', 'eleitor25@email.com', 'Médio', 'provavel', 'lid-5', 'cabo-5', '2026-01-25T03:00:00.000Z', '2026-07-15T01:41:26.095Z');
INSERT INTO `eleitores` (`id`, `nome`, `cpf`, `idade`, `sexo`, `cidade`, `regiao`, `bairro`, `tipo_via`, `numero`, `endereco`, `zona`, `secao`, `telefone`, `email`, `escolaridade`, `apoio`, `lideranca_id`, `cabo_id`, `cadastrado_em`, `ultima_interacao`) VALUES ('elt-26', 'Patrícia Gomes', '000.000.0026', 44, 'Masculino', 'São Luís', 'Tambaú', 'Vinhais', 'Rua', '126', 'Rua Exemplo', 3, 27, '(98) 93008346', 'eleitor26@email.com', 'Superior', 'indeciso', 'lid-6', 'cabo-6', '2026-02-26T03:00:00.000Z', '2026-07-15T01:41:26.095Z');
INSERT INTO `eleitores` (`id`, `nome`, `cpf`, `idade`, `sexo`, `cidade`, `regiao`, `bairro`, `tipo_via`, `numero`, `endereco`, `zona`, `secao`, `telefone`, `email`, `escolaridade`, `apoio`, `lideranca_id`, `cabo_id`, `cadastrado_em`, `ultima_interacao`) VALUES ('elt-27', 'Lucas Barbosa', '000.000.0027', 45, 'Feminino', 'São Luís', 'Vinhais', 'Calhau', 'Rua', '127', 'Rua Exemplo', 4, 28, '(98) 93008667', 'eleitor27@email.com', 'Fundamental', 'adversario', 'lid-7', 'cabo-7', '2026-03-27T03:00:00.000Z', '2026-07-15T01:41:26.095Z');
INSERT INTO `eleitores` (`id`, `nome`, `cpf`, `idade`, `sexo`, `cidade`, `regiao`, `bairro`, `tipo_via`, `numero`, `endereco`, `zona`, `secao`, `telefone`, `email`, `escolaridade`, `apoio`, `lideranca_id`, `cabo_id`, `cadastrado_em`, `ultima_interacao`) VALUES ('elt-28', 'Fernanda Araújo', '000.000.0028', 46, 'Masculino', 'São Luís', 'Calhau', 'Cohab', 'Rua', '128', 'Rua Exemplo', 5, 29, '(98) 93008988', 'eleitor28@email.com', 'Médio', 'ferrenho', 'lid-8', 'cabo-8', '2026-04-01T03:00:00.000Z', '2026-07-15T01:41:26.095Z');
INSERT INTO `eleitores` (`id`, `nome`, `cpf`, `idade`, `sexo`, `cidade`, `regiao`, `bairro`, `tipo_via`, `numero`, `endereco`, `zona`, `secao`, `telefone`, `email`, `escolaridade`, `apoio`, `lideranca_id`, `cabo_id`, `cadastrado_em`, `ultima_interacao`) VALUES ('elt-29', 'Thiago Nunes', '000.000.0029', 47, 'Feminino', 'São Luís', 'Cohab', 'Anil', 'Rua', '129', 'Rua Exemplo', 6, 30, '(98) 93009309', 'eleitor29@email.com', 'Superior', 'provavel', 'lid-1', 'cabo-9', '2026-05-02T03:00:00.000Z', '2026-07-15T01:41:26.095Z');
INSERT INTO `eleitores` (`id`, `nome`, `cpf`, `idade`, `sexo`, `cidade`, `regiao`, `bairro`, `tipo_via`, `numero`, `endereco`, `zona`, `secao`, `telefone`, `email`, `escolaridade`, `apoio`, `lideranca_id`, `cabo_id`, `cadastrado_em`, `ultima_interacao`) VALUES ('elt-30', 'Maria Silva', '000.000.0030', 48, 'Masculino', 'São Luís', 'Anil', 'Turú', 'Rua', '130', 'Rua Exemplo', 7, 31, '(98) 93009630', 'eleitor30@email.com', 'Fundamental', 'indeciso', 'lid-2', 'cabo-10', '2026-06-03T03:00:00.000Z', '2026-07-15T01:41:26.095Z');
INSERT INTO `eleitores` (`id`, `nome`, `cpf`, `idade`, `sexo`, `cidade`, `regiao`, `bairro`, `tipo_via`, `numero`, `endereco`, `zona`, `secao`, `telefone`, `email`, `escolaridade`, `apoio`, `lideranca_id`, `cabo_id`, `cadastrado_em`, `ultima_interacao`) VALUES ('elt-31', 'João Souza', '000.000.0031', 49, 'Feminino', 'São Luís', 'Turú', 'Centro', 'Rua', '131', 'Rua Exemplo', 8, 32, '(98) 93009951', 'eleitor31@email.com', 'Médio', 'adversario', 'lid-1', 'cabo-1', '2026-01-04T03:00:00.000Z', '2026-07-15T01:41:26.096Z');
INSERT INTO `eleitores` (`id`, `nome`, `cpf`, `idade`, `sexo`, `cidade`, `regiao`, `bairro`, `tipo_via`, `numero`, `endereco`, `zona`, `secao`, `telefone`, `email`, `escolaridade`, `apoio`, `lideranca_id`, `cabo_id`, `cadastrado_em`, `ultima_interacao`) VALUES ('elt-32', 'Ana Lima', '000.000.0032', 50, 'Masculino', 'São Luís', 'Centro', 'Maiobão', 'Rua', '132', 'Rua Exemplo', 9, 33, '(98) 93010272', 'eleitor32@email.com', 'Superior', 'ferrenho', 'lid-2', 'cabo-2', '2026-02-05T03:00:00.000Z', '2026-07-15T01:41:26.096Z');
INSERT INTO `eleitores` (`id`, `nome`, `cpf`, `idade`, `sexo`, `cidade`, `regiao`, `bairro`, `tipo_via`, `numero`, `endereco`, `zona`, `secao`, `telefone`, `email`, `escolaridade`, `apoio`, `lideranca_id`, `cabo_id`, `cadastrado_em`, `ultima_interacao`) VALUES ('elt-33', 'Carlos Pereira', '000.000.0033', 51, 'Feminino', 'São Luís', 'Maiobão', 'Tambaú', 'Rua', '133', 'Rua Exemplo', 10, 34, '(98) 93010593', 'eleitor33@email.com', 'Fundamental', 'provavel', 'lid-3', 'cabo-3', '2026-03-06T03:00:00.000Z', '2026-07-15T01:41:26.096Z');
INSERT INTO `eleitores` (`id`, `nome`, `cpf`, `idade`, `sexo`, `cidade`, `regiao`, `bairro`, `tipo_via`, `numero`, `endereco`, `zona`, `secao`, `telefone`, `email`, `escolaridade`, `apoio`, `lideranca_id`, `cabo_id`, `cadastrado_em`, `ultima_interacao`) VALUES ('elt-34', 'Beatriz Rocha', '000.000.0034', 52, 'Masculino', 'São Luís', 'Tambaú', 'Vinhais', 'Rua', '134', 'Rua Exemplo', 11, 35, '(98) 93010914', 'eleitor34@email.com', 'Médio', 'indeciso', 'lid-4', 'cabo-4', '2026-04-07T03:00:00.000Z', '2026-07-15T01:41:26.096Z');
INSERT INTO `eleitores` (`id`, `nome`, `cpf`, `idade`, `sexo`, `cidade`, `regiao`, `bairro`, `tipo_via`, `numero`, `endereco`, `zona`, `secao`, `telefone`, `email`, `escolaridade`, `apoio`, `lideranca_id`, `cabo_id`, `cadastrado_em`, `ultima_interacao`) VALUES ('elt-35', 'Pedro Alves', '000.000.0035', 53, 'Feminino', 'São Luís', 'Vinhais', 'Calhau', 'Rua', '135', 'Rua Exemplo', 12, 36, '(98) 93011235', 'eleitor35@email.com', 'Superior', 'adversario', 'lid-5', 'cabo-5', '2026-05-08T03:00:00.000Z', '2026-07-15T01:41:26.096Z');
INSERT INTO `eleitores` (`id`, `nome`, `cpf`, `idade`, `sexo`, `cidade`, `regiao`, `bairro`, `tipo_via`, `numero`, `endereco`, `zona`, `secao`, `telefone`, `email`, `escolaridade`, `apoio`, `lideranca_id`, `cabo_id`, `cadastrado_em`, `ultima_interacao`) VALUES ('elt-36', 'Luísa Costa', '000.000.0036', 54, 'Masculino', 'São Luís', 'Calhau', 'Cohab', 'Rua', '136', 'Rua Exemplo', 1, 37, '(98) 93011556', 'eleitor36@email.com', 'Fundamental', 'ferrenho', 'lid-6', 'cabo-6', '2026-06-09T03:00:00.000Z', '2026-07-15T01:41:26.096Z');
INSERT INTO `eleitores` (`id`, `nome`, `cpf`, `idade`, `sexo`, `cidade`, `regiao`, `bairro`, `tipo_via`, `numero`, `endereco`, `zona`, `secao`, `telefone`, `email`, `escolaridade`, `apoio`, `lideranca_id`, `cabo_id`, `cadastrado_em`, `ultima_interacao`) VALUES ('elt-37', 'Felipe Dias', '000.000.0037', 55, 'Feminino', 'São Luís', 'Cohab', 'Anil', 'Rua', '137', 'Rua Exemplo', 2, 38, '(98) 93011877', 'eleitor37@email.com', 'Médio', 'provavel', 'lid-7', 'cabo-7', '2026-01-10T03:00:00.000Z', '2026-07-15T01:41:26.096Z');
INSERT INTO `eleitores` (`id`, `nome`, `cpf`, `idade`, `sexo`, `cidade`, `regiao`, `bairro`, `tipo_via`, `numero`, `endereco`, `zona`, `secao`, `telefone`, `email`, `escolaridade`, `apoio`, `lideranca_id`, `cabo_id`, `cadastrado_em`, `ultima_interacao`) VALUES ('elt-38', 'Juliana Martins', '000.000.0038', 56, 'Masculino', 'São Luís', 'Anil', 'Turú', 'Rua', '138', 'Rua Exemplo', 3, 39, '(98) 93012198', 'eleitor38@email.com', 'Superior', 'indeciso', 'lid-8', 'cabo-8', '2026-02-11T03:00:00.000Z', '2026-07-15T01:41:26.096Z');
INSERT INTO `eleitores` (`id`, `nome`, `cpf`, `idade`, `sexo`, `cidade`, `regiao`, `bairro`, `tipo_via`, `numero`, `endereco`, `zona`, `secao`, `telefone`, `email`, `escolaridade`, `apoio`, `lideranca_id`, `cabo_id`, `cadastrado_em`, `ultima_interacao`) VALUES ('elt-39', 'Rafael Oliveira', '000.000.0039', 57, 'Feminino', 'São Luís', 'Turú', 'Centro', 'Rua', '139', 'Rua Exemplo', 4, 40, '(98) 93012519', 'eleitor39@email.com', 'Fundamental', 'adversario', 'lid-1', 'cabo-9', '2026-03-12T03:00:00.000Z', '2026-07-15T01:41:26.096Z');
INSERT INTO `eleitores` (`id`, `nome`, `cpf`, `idade`, `sexo`, `cidade`, `regiao`, `bairro`, `tipo_via`, `numero`, `endereco`, `zona`, `secao`, `telefone`, `email`, `escolaridade`, `apoio`, `lideranca_id`, `cabo_id`, `cadastrado_em`, `ultima_interacao`) VALUES ('elt-40', 'Camila Santos', '000.000.0040', 58, 'Masculino', 'São Luís', 'Centro', 'Maiobão', 'Rua', '140', 'Rua Exemplo', 5, 41, '(98) 93012840', 'eleitor40@email.com', 'Médio', 'ferrenho', 'lid-2', 'cabo-10', '2026-04-13T03:00:00.000Z', '2026-07-15T01:41:26.096Z');
INSERT INTO `eleitores` (`id`, `nome`, `cpf`, `idade`, `sexo`, `cidade`, `regiao`, `bairro`, `tipo_via`, `numero`, `endereco`, `zona`, `secao`, `telefone`, `email`, `escolaridade`, `apoio`, `lideranca_id`, `cabo_id`, `cadastrado_em`, `ultima_interacao`) VALUES ('elt-41', 'Bruno Carvalho', '000.000.0041', 59, 'Feminino', 'São Luís', 'Maiobão', 'Tambaú', 'Rua', '141', 'Rua Exemplo', 6, 42, '(98) 93013161', 'eleitor41@email.com', 'Superior', 'provavel', 'lid-1', 'cabo-1', '2026-05-14T03:00:00.000Z', '2026-07-15T01:41:26.096Z');
INSERT INTO `eleitores` (`id`, `nome`, `cpf`, `idade`, `sexo`, `cidade`, `regiao`, `bairro`, `tipo_via`, `numero`, `endereco`, `zona`, `secao`, `telefone`, `email`, `escolaridade`, `apoio`, `lideranca_id`, `cabo_id`, `cadastrado_em`, `ultima_interacao`) VALUES ('elt-42', 'Larissa Ferreira', '000.000.0042', 60, 'Masculino', 'São Luís', 'Tambaú', 'Vinhais', 'Rua', '142', 'Rua Exemplo', 7, 43, '(98) 93013482', 'eleitor42@email.com', 'Fundamental', 'indeciso', 'lid-2', 'cabo-2', '2026-06-15T03:00:00.000Z', '2026-07-15T01:41:26.096Z');
INSERT INTO `eleitores` (`id`, `nome`, `cpf`, `idade`, `sexo`, `cidade`, `regiao`, `bairro`, `tipo_via`, `numero`, `endereco`, `zona`, `secao`, `telefone`, `email`, `escolaridade`, `apoio`, `lideranca_id`, `cabo_id`, `cadastrado_em`, `ultima_interacao`) VALUES ('elt-43', 'Gustavo Ribeiro', '000.000.0043', 61, 'Feminino', 'São Luís', 'Vinhais', 'Calhau', 'Rua', '143', 'Rua Exemplo', 8, 44, '(98) 93013803', 'eleitor43@email.com', 'Médio', 'adversario', 'lid-3', 'cabo-3', '2026-01-16T03:00:00.000Z', '2026-07-15T01:41:26.096Z');
INSERT INTO `eleitores` (`id`, `nome`, `cpf`, `idade`, `sexo`, `cidade`, `regiao`, `bairro`, `tipo_via`, `numero`, `endereco`, `zona`, `secao`, `telefone`, `email`, `escolaridade`, `apoio`, `lideranca_id`, `cabo_id`, `cadastrado_em`, `ultima_interacao`) VALUES ('elt-44', 'Patrícia Gomes', '000.000.0044', 62, 'Masculino', 'São Luís', 'Calhau', 'Cohab', 'Rua', '144', 'Rua Exemplo', 9, 45, '(98) 93014124', 'eleitor44@email.com', 'Superior', 'ferrenho', 'lid-4', 'cabo-4', '2026-02-17T03:00:00.000Z', '2026-07-15T01:41:26.096Z');
INSERT INTO `eleitores` (`id`, `nome`, `cpf`, `idade`, `sexo`, `cidade`, `regiao`, `bairro`, `tipo_via`, `numero`, `endereco`, `zona`, `secao`, `telefone`, `email`, `escolaridade`, `apoio`, `lideranca_id`, `cabo_id`, `cadastrado_em`, `ultima_interacao`) VALUES ('elt-45', 'Lucas Barbosa', '000.000.0045', 63, 'Feminino', 'São Luís', 'Cohab', 'Anil', 'Rua', '145', 'Rua Exemplo', 10, 46, '(98) 93014445', 'eleitor45@email.com', 'Fundamental', 'provavel', 'lid-5', 'cabo-5', '2026-03-18T03:00:00.000Z', '2026-07-15T01:41:26.096Z');
INSERT INTO `eleitores` (`id`, `nome`, `cpf`, `idade`, `sexo`, `cidade`, `regiao`, `bairro`, `tipo_via`, `numero`, `endereco`, `zona`, `secao`, `telefone`, `email`, `escolaridade`, `apoio`, `lideranca_id`, `cabo_id`, `cadastrado_em`, `ultima_interacao`) VALUES ('elt-46', 'Fernanda Araújo', '000.000.0046', 64, 'Masculino', 'São Luís', 'Anil', 'Turú', 'Rua', '146', 'Rua Exemplo', 11, 47, '(98) 93014766', 'eleitor46@email.com', 'Médio', 'indeciso', 'lid-6', 'cabo-6', '2026-04-19T03:00:00.000Z', '2026-07-15T01:41:26.096Z');
INSERT INTO `eleitores` (`id`, `nome`, `cpf`, `idade`, `sexo`, `cidade`, `regiao`, `bairro`, `tipo_via`, `numero`, `endereco`, `zona`, `secao`, `telefone`, `email`, `escolaridade`, `apoio`, `lideranca_id`, `cabo_id`, `cadastrado_em`, `ultima_interacao`) VALUES ('elt-47', 'Thiago Nunes', '000.000.0047', 65, 'Feminino', 'São Luís', 'Turú', 'Centro', 'Rua', '147', 'Rua Exemplo', 12, 48, '(98) 93015087', 'eleitor47@email.com', 'Superior', 'adversario', 'lid-7', 'cabo-7', '2026-05-20T03:00:00.000Z', '2026-07-15T01:41:26.096Z');
INSERT INTO `eleitores` (`id`, `nome`, `cpf`, `idade`, `sexo`, `cidade`, `regiao`, `bairro`, `tipo_via`, `numero`, `endereco`, `zona`, `secao`, `telefone`, `email`, `escolaridade`, `apoio`, `lideranca_id`, `cabo_id`, `cadastrado_em`, `ultima_interacao`) VALUES ('elt-48', 'Maria Silva', '000.000.0048', 66, 'Masculino', 'São Luís', 'Centro', 'Maiobão', 'Rua', '148', 'Rua Exemplo', 1, 49, '(98) 93015408', 'eleitor48@email.com', 'Fundamental', 'ferrenho', 'lid-8', 'cabo-8', '2026-06-21T03:00:00.000Z', '2026-07-15T01:41:26.096Z');
INSERT INTO `eleitores` (`id`, `nome`, `cpf`, `idade`, `sexo`, `cidade`, `regiao`, `bairro`, `tipo_via`, `numero`, `endereco`, `zona`, `secao`, `telefone`, `email`, `escolaridade`, `apoio`, `lideranca_id`, `cabo_id`, `cadastrado_em`, `ultima_interacao`) VALUES ('elt-49', 'João Souza', '000.000.0049', 67, 'Feminino', 'São Luís', 'Maiobão', 'Tambaú', 'Rua', '149', 'Rua Exemplo', 2, 50, '(98) 93015729', 'eleitor49@email.com', 'Médio', 'provavel', 'lid-1', 'cabo-9', '2026-01-22T03:00:00.000Z', '2026-07-15T01:41:26.096Z');
INSERT INTO `eleitores` (`id`, `nome`, `cpf`, `idade`, `sexo`, `cidade`, `regiao`, `bairro`, `tipo_via`, `numero`, `endereco`, `zona`, `secao`, `telefone`, `email`, `escolaridade`, `apoio`, `lideranca_id`, `cabo_id`, `cadastrado_em`, `ultima_interacao`) VALUES ('elt-50', 'Ana Lima', '000.000.0050', 18, 'Masculino', 'São Luís', 'Tambaú', 'Vinhais', 'Rua', '150', 'Rua Exemplo', 3, 51, '(98) 93016050', 'eleitor50@email.com', 'Superior', 'indeciso', 'lid-2', 'cabo-10', '2026-02-23T03:00:00.000Z', '2026-07-15T01:41:26.096Z');
INSERT INTO `eleitores` (`id`, `nome`, `cpf`, `idade`, `sexo`, `cidade`, `regiao`, `bairro`, `tipo_via`, `numero`, `endereco`, `zona`, `secao`, `telefone`, `email`, `escolaridade`, `apoio`, `lideranca_id`, `cabo_id`, `cadastrado_em`, `ultima_interacao`) VALUES ('elt-51', 'Carlos Pereira', '000.000.0051', 19, 'Feminino', 'São Luís', 'Vinhais', 'Calhau', 'Rua', '151', 'Rua Exemplo', 4, 52, '(98) 93016371', 'eleitor51@email.com', 'Fundamental', 'adversario', 'lid-1', 'cabo-1', '2026-03-24T03:00:00.000Z', '2026-07-15T01:41:26.096Z');
INSERT INTO `eleitores` (`id`, `nome`, `cpf`, `idade`, `sexo`, `cidade`, `regiao`, `bairro`, `tipo_via`, `numero`, `endereco`, `zona`, `secao`, `telefone`, `email`, `escolaridade`, `apoio`, `lideranca_id`, `cabo_id`, `cadastrado_em`, `ultima_interacao`) VALUES ('elt-52', 'Beatriz Rocha', '000.000.0052', 20, 'Masculino', 'São Luís', 'Calhau', 'Cohab', 'Rua', '152', 'Rua Exemplo', 5, 53, '(98) 93016692', 'eleitor52@email.com', 'Médio', 'ferrenho', 'lid-2', 'cabo-2', '2026-04-25T03:00:00.000Z', '2026-07-15T01:41:26.096Z');
INSERT INTO `eleitores` (`id`, `nome`, `cpf`, `idade`, `sexo`, `cidade`, `regiao`, `bairro`, `tipo_via`, `numero`, `endereco`, `zona`, `secao`, `telefone`, `email`, `escolaridade`, `apoio`, `lideranca_id`, `cabo_id`, `cadastrado_em`, `ultima_interacao`) VALUES ('elt-53', 'Pedro Alves', '000.000.0053', 21, 'Feminino', 'São Luís', 'Cohab', 'Anil', 'Rua', '153', 'Rua Exemplo', 6, 54, '(98) 93017013', 'eleitor53@email.com', 'Superior', 'provavel', 'lid-3', 'cabo-3', '2026-05-26T03:00:00.000Z', '2026-07-15T01:41:26.096Z');
INSERT INTO `eleitores` (`id`, `nome`, `cpf`, `idade`, `sexo`, `cidade`, `regiao`, `bairro`, `tipo_via`, `numero`, `endereco`, `zona`, `secao`, `telefone`, `email`, `escolaridade`, `apoio`, `lideranca_id`, `cabo_id`, `cadastrado_em`, `ultima_interacao`) VALUES ('elt-54', 'Luísa Costa', '000.000.0054', 22, 'Masculino', 'São Luís', 'Anil', 'Turú', 'Rua', '154', 'Rua Exemplo', 7, 55, '(98) 93017334', 'eleitor54@email.com', 'Fundamental', 'indeciso', 'lid-4', 'cabo-4', '2026-06-27T03:00:00.000Z', '2026-07-15T01:41:26.096Z');
INSERT INTO `eleitores` (`id`, `nome`, `cpf`, `idade`, `sexo`, `cidade`, `regiao`, `bairro`, `tipo_via`, `numero`, `endereco`, `zona`, `secao`, `telefone`, `email`, `escolaridade`, `apoio`, `lideranca_id`, `cabo_id`, `cadastrado_em`, `ultima_interacao`) VALUES ('elt-55', 'Felipe Dias', '000.000.0055', 23, 'Feminino', 'São Luís', 'Turú', 'Centro', 'Rua', '155', 'Rua Exemplo', 8, 56, '(98) 93017655', 'eleitor55@email.com', 'Médio', 'adversario', 'lid-5', 'cabo-5', '2026-01-01T03:00:00.000Z', '2026-07-15T01:41:26.096Z');
INSERT INTO `eleitores` (`id`, `nome`, `cpf`, `idade`, `sexo`, `cidade`, `regiao`, `bairro`, `tipo_via`, `numero`, `endereco`, `zona`, `secao`, `telefone`, `email`, `escolaridade`, `apoio`, `lideranca_id`, `cabo_id`, `cadastrado_em`, `ultima_interacao`) VALUES ('elt-56', 'Juliana Martins', '000.000.0056', 24, 'Masculino', 'São Luís', 'Centro', 'Maiobão', 'Rua', '156', 'Rua Exemplo', 9, 57, '(98) 93017976', 'eleitor56@email.com', 'Superior', 'ferrenho', 'lid-6', 'cabo-6', '2026-02-02T03:00:00.000Z', '2026-07-15T01:41:26.096Z');
INSERT INTO `eleitores` (`id`, `nome`, `cpf`, `idade`, `sexo`, `cidade`, `regiao`, `bairro`, `tipo_via`, `numero`, `endereco`, `zona`, `secao`, `telefone`, `email`, `escolaridade`, `apoio`, `lideranca_id`, `cabo_id`, `cadastrado_em`, `ultima_interacao`) VALUES ('elt-57', 'Rafael Oliveira', '000.000.0057', 25, 'Feminino', 'São Luís', 'Maiobão', 'Tambaú', 'Rua', '157', 'Rua Exemplo', 10, 58, '(98) 93018297', 'eleitor57@email.com', 'Fundamental', 'provavel', 'lid-7', 'cabo-7', '2026-03-03T03:00:00.000Z', '2026-07-15T01:41:26.096Z');
INSERT INTO `eleitores` (`id`, `nome`, `cpf`, `idade`, `sexo`, `cidade`, `regiao`, `bairro`, `tipo_via`, `numero`, `endereco`, `zona`, `secao`, `telefone`, `email`, `escolaridade`, `apoio`, `lideranca_id`, `cabo_id`, `cadastrado_em`, `ultima_interacao`) VALUES ('elt-58', 'Camila Santos', '000.000.0058', 26, 'Masculino', 'São Luís', 'Tambaú', 'Vinhais', 'Rua', '158', 'Rua Exemplo', 11, 59, '(98) 93018618', 'eleitor58@email.com', 'Médio', 'indeciso', 'lid-8', 'cabo-8', '2026-04-04T03:00:00.000Z', '2026-07-15T01:41:26.096Z');
INSERT INTO `eleitores` (`id`, `nome`, `cpf`, `idade`, `sexo`, `cidade`, `regiao`, `bairro`, `tipo_via`, `numero`, `endereco`, `zona`, `secao`, `telefone`, `email`, `escolaridade`, `apoio`, `lideranca_id`, `cabo_id`, `cadastrado_em`, `ultima_interacao`) VALUES ('elt-59', 'Bruno Carvalho', '000.000.0059', 27, 'Feminino', 'São Luís', 'Vinhais', 'Calhau', 'Rua', '159', 'Rua Exemplo', 12, 60, '(98) 93018939', 'eleitor59@email.com', 'Superior', 'adversario', 'lid-1', 'cabo-9', '2026-05-05T03:00:00.000Z', '2026-07-15T01:41:26.096Z');
INSERT INTO `eleitores` (`id`, `nome`, `cpf`, `idade`, `sexo`, `cidade`, `regiao`, `bairro`, `tipo_via`, `numero`, `endereco`, `zona`, `secao`, `telefone`, `email`, `escolaridade`, `apoio`, `lideranca_id`, `cabo_id`, `cadastrado_em`, `ultima_interacao`) VALUES ('elt-60', 'Larissa Ferreira', '000.000.0060', 28, 'Masculino', 'São Luís', 'Calhau', 'Cohab', 'Rua', '160', 'Rua Exemplo', 1, 61, '(98) 93019260', 'eleitor60@email.com', 'Fundamental', 'ferrenho', 'lid-2', 'cabo-10', '2026-06-06T03:00:00.000Z', '2026-07-15T01:41:26.096Z');
INSERT INTO `visitas` (`id`, `eleitor_id`, `cabo_id`, `data`, `status`, `motivo`, `feedback`, `protocolo`) VALUES ('vis-1', 'elt-1', 'cabo-1', '2026-01-01', 'concluida', 'Entrega de material', NULL, 'VT-1001');
INSERT INTO `visitas` (`id`, `eleitor_id`, `cabo_id`, `data`, `status`, `motivo`, `feedback`, `protocolo`) VALUES ('vis-2', 'elt-2', 'cabo-2', '2026-02-02', 'concluida', 'Debate de propostas', NULL, 'VT-1002');
INSERT INTO `visitas` (`id`, `eleitor_id`, `cabo_id`, `data`, `status`, `motivo`, `feedback`, `protocolo`) VALUES ('vis-3', 'elt-3', 'cabo-3', '2026-03-03', 'cancelada', 'Censo eleitoral', 'Eleitor receptivo.', 'VT-1003');
INSERT INTO `visitas` (`id`, `eleitor_id`, `cabo_id`, `data`, `status`, `motivo`, `feedback`, `protocolo`) VALUES ('vis-4', 'elt-4', 'cabo-4', '2026-04-04', 'agendada', 'Convite para evento', NULL, 'VT-1004');
INSERT INTO `visitas` (`id`, `eleitor_id`, `cabo_id`, `data`, `status`, `motivo`, `feedback`, `protocolo`) VALUES ('vis-5', 'elt-5', 'cabo-5', '2026-05-05', 'concluida', 'Apoio presencial', NULL, 'VT-1005');
INSERT INTO `visitas` (`id`, `eleitor_id`, `cabo_id`, `data`, `status`, `motivo`, `feedback`, `protocolo`) VALUES ('vis-6', 'elt-6', 'cabo-6', '2026-06-06', 'concluida', 'Entrega de material', 'Eleitor receptivo.', 'VT-1006');
INSERT INTO `visitas` (`id`, `eleitor_id`, `cabo_id`, `data`, `status`, `motivo`, `feedback`, `protocolo`) VALUES ('vis-7', 'elt-7', 'cabo-7', '2026-01-07', 'cancelada', 'Debate de propostas', NULL, 'VT-1007');
INSERT INTO `visitas` (`id`, `eleitor_id`, `cabo_id`, `data`, `status`, `motivo`, `feedback`, `protocolo`) VALUES ('vis-8', 'elt-8', 'cabo-8', '2026-02-08', 'agendada', 'Censo eleitoral', NULL, 'VT-1008');
INSERT INTO `visitas` (`id`, `eleitor_id`, `cabo_id`, `data`, `status`, `motivo`, `feedback`, `protocolo`) VALUES ('vis-9', 'elt-9', 'cabo-9', '2026-03-09', 'concluida', 'Convite para evento', 'Eleitor receptivo.', 'VT-1009');
INSERT INTO `visitas` (`id`, `eleitor_id`, `cabo_id`, `data`, `status`, `motivo`, `feedback`, `protocolo`) VALUES ('vis-10', 'elt-10', 'cabo-10', '2026-04-10', 'concluida', 'Apoio presencial', NULL, 'VT-1010');
INSERT INTO `visitas` (`id`, `eleitor_id`, `cabo_id`, `data`, `status`, `motivo`, `feedback`, `protocolo`) VALUES ('vis-11', 'elt-11', 'cabo-1', '2026-05-11', 'cancelada', 'Entrega de material', NULL, 'VT-1011');
INSERT INTO `visitas` (`id`, `eleitor_id`, `cabo_id`, `data`, `status`, `motivo`, `feedback`, `protocolo`) VALUES ('vis-12', 'elt-12', 'cabo-2', '2026-06-12', 'agendada', 'Debate de propostas', 'Eleitor receptivo.', 'VT-1012');
INSERT INTO `visitas` (`id`, `eleitor_id`, `cabo_id`, `data`, `status`, `motivo`, `feedback`, `protocolo`) VALUES ('vis-13', 'elt-13', 'cabo-3', '2026-01-13', 'concluida', 'Censo eleitoral', NULL, 'VT-1013');
INSERT INTO `visitas` (`id`, `eleitor_id`, `cabo_id`, `data`, `status`, `motivo`, `feedback`, `protocolo`) VALUES ('vis-14', 'elt-14', 'cabo-4', '2026-02-14', 'concluida', 'Convite para evento', NULL, 'VT-1014');
INSERT INTO `visitas` (`id`, `eleitor_id`, `cabo_id`, `data`, `status`, `motivo`, `feedback`, `protocolo`) VALUES ('vis-15', 'elt-15', 'cabo-5', '2026-03-15', 'cancelada', 'Apoio presencial', 'Eleitor receptivo.', 'VT-1015');
INSERT INTO `visitas` (`id`, `eleitor_id`, `cabo_id`, `data`, `status`, `motivo`, `feedback`, `protocolo`) VALUES ('vis-16', 'elt-16', 'cabo-6', '2026-04-16', 'agendada', 'Entrega de material', NULL, 'VT-1016');
INSERT INTO `visitas` (`id`, `eleitor_id`, `cabo_id`, `data`, `status`, `motivo`, `feedback`, `protocolo`) VALUES ('vis-17', 'elt-17', 'cabo-7', '2026-05-17', 'concluida', 'Debate de propostas', NULL, 'VT-1017');
INSERT INTO `visitas` (`id`, `eleitor_id`, `cabo_id`, `data`, `status`, `motivo`, `feedback`, `protocolo`) VALUES ('vis-18', 'elt-18', 'cabo-8', '2026-06-18', 'concluida', 'Censo eleitoral', 'Eleitor receptivo.', 'VT-1018');
INSERT INTO `visitas` (`id`, `eleitor_id`, `cabo_id`, `data`, `status`, `motivo`, `feedback`, `protocolo`) VALUES ('vis-19', 'elt-19', 'cabo-9', '2026-01-19', 'cancelada', 'Convite para evento', NULL, 'VT-1019');
INSERT INTO `visitas` (`id`, `eleitor_id`, `cabo_id`, `data`, `status`, `motivo`, `feedback`, `protocolo`) VALUES ('vis-20', 'elt-20', 'cabo-10', '2026-02-20', 'agendada', 'Apoio presencial', NULL, 'VT-1020');
